stop_id,stop_code,stop_name,stop_desc,platform_code,platform_name,Latitude,Longitude,zone_id,stop_address,stop_url,level_id,location_type,parent_station,wheelchair_boarding,municipality,on_street,at_street,vehicle_type
place-DB-0095,,Readville,,,,42.238405,-71.133246,CR-zone-2,"1800 Hyde Park Ave, Hyde Park, MA 02136",https://www.mbta.com/stops/place-DB-0095,,1,,1,Boston,,,
place-DB-2205,,Fairmount,,,,42.253638,-71.11927,CR-zone-1A,"Fairmount Ave and Truman Hwy, Hyde Park, MA 02136",https://www.mbta.com/stops/place-DB-2205,,1,,1,Boston,,,
place-DB-2230,,Morton Street,,,,42.280994,-71.085475,CR-zone-1A,"865 Morton St, Mattapan, MA 02126",https://www.mbta.com/stops/place-DB-2230,,1,,1,Boston,,,
place-DB-2240,,Talbot Avenue,,,,42.292246,-71.07814,CR-zone-1A,"210 Talbot Ave, Boston, MA 02124",https://www.mbta.com/stops/place-DB-2240,,1,,1,Boston,,,
place-DB-2249,,Four Corners/Geneva,,,,42.305037,-71.076833,CR-zone-1A,"171 Geneva Ave, Boston, MA 02121",https://www.mbta.com/stops/place-DB-2249,,1,,1,Boston,,,
place-DB-2258,,Uphams Corner,,,,42.319125,-71.068627,CR-zone-1A,"691 Dudley St, Dorchester, MA 02125",https://www.mbta.com/stops/place-DB-2258,,1,,1,Boston,,,
place-DB-2265,,Newmarket,,,,42.327415,-71.065674,CR-zone-1A,"1070 Massachusetts Ave, Boston, MA 02118",https://www.mbta.com/stops/place-DB-2265,,1,,1,Boston,,,
place-ER-0099,,River Works,GE Employees Only,,,42.449927,-70.969848,CR-zone-2,"1000 Western Ave, Lynn, MA 01910 (General Electric employees only)",https://www.mbta.com/stops/place-ER-0099,,1,,2,Lynn,,,
place-ER-0115,,Lynn,,,,42.462953,-70.945421,CR-zone-2,"325 Broad St, Lynn, MA 01901",https://www.mbta.com/stops/place-ER-0115,,1,,1,Lynn,,,
place-ER-0128,,Swampscott,,,,42.473743,-70.922537,CR-zone-3,"Burrill St and Railroad Ave, Swampscott, MA 01907",https://www.mbta.com/stops/place-ER-0128,,1,,1,Swampscott,,,
place-ER-0168,,Salem,,,,42.524792,-70.895876,CR-zone-3,"252 Bridge St, Salem, MA 01970",https://www.mbta.com/stops/place-ER-0168,,1,,1,Salem,,,
place-ER-0183,,Beverly,,,,42.547276,-70.885432,CR-zone-4,"10 Park St, Beverly, MA 01915",https://www.mbta.com/stops/place-ER-0183,,1,,1,Beverly,,,
place-ER-0208,,North Beverly,,,,42.583779,-70.883851,CR-zone-5,"Enon St and Dodge St, Beverly, MA 01915",https://www.mbta.com/stops/place-ER-0208,,1,,1,Beverly,,,
place-ER-0227,,Hamilton/Wenham,,,,42.609212,-70.874801,CR-zone-5,"Bay Rd and Walnut Rd, Hamilton, MA 01982",https://www.mbta.com/stops/place-ER-0227,,1,,1,Hamilton,,,
place-ER-0276,,Ipswich,,,,42.676921,-70.840589,CR-zone-6,"4 Peatfield St, Ipswich, MA 01938",https://www.mbta.com/stops/place-ER-0276,,1,,1,Ipswich,,,
place-ER-0312,,Rowley,,,,42.726845,-70.859034,CR-zone-7,"70 Railroad Ave, Rowley, MA 01969",https://www.mbta.com/stops/place-ER-0312,,1,,1,Rowley,,,
place-ER-0362,,Newburyport,,,,42.797837,-70.87797,CR-zone-8,"25 Boston Way, Newburyport, MA 01950",https://www.mbta.com/stops/place-ER-0362,,1,,1,Newburyport,,,
place-FB-0109,,Endicott,,,,42.233249,-71.158647,CR-zone-2,"186 Grant Ave, Dedham, MA 02026",https://www.mbta.com/stops/place-FB-0109,,1,,2,Dedham,,,
place-FB-0118,,Dedham Corporate Center,,,,42.227079,-71.174254,CR-zone-2,"125 Allied Dr, Dedham, MA 02026",https://www.mbta.com/stops/place-FB-0118,,1,,1,Dedham,,,
place-FB-0125,,Islington,,,,42.22105,-71.183961,CR-zone-3,"48 Carroll Ave, Westwood, MA 02090",https://www.mbta.com/stops/place-FB-0125,,1,,2,Westwood,,,
place-FB-0143,,Norwood Depot,,,,42.196857,-71.196688,CR-zone-3,"14 Hill St, Norwood, MA 02062",https://www.mbta.com/stops/place-FB-0143,,1,,1,Norwood,,,
place-FB-0148,,Norwood Central,,,,42.188775,-71.199665,CR-zone-3,"164 Broadway, Norwood, MA 02062",https://www.mbta.com/stops/place-FB-0148,,1,,1,Norwood,,,
place-FB-0166,,Windsor Gardens,,,,42.172127,-71.219366,CR-zone-4,"Buckminster Dr and Engamore Ln, Norwood, MA 02062",https://www.mbta.com/stops/place-FB-0166,,1,,2,Norwood,,,
place-FB-0177,,Plimptonville,,,,42.159123,-71.236125,CR-zone-4,"185 Plimpton St, Walpole, MA 02081",https://www.mbta.com/stops/place-FB-0177,,1,,2,Walpole,,,
place-FB-0191,,Walpole,,,,42.145477,-71.25779,CR-zone-4,"275 West St, Walpole, MA 02081",https://www.mbta.com/stops/place-FB-0191,,1,,2,Walpole,,,
place-FB-0230,,Norfolk,,,,42.120694,-71.325217,CR-zone-5,"9 Rockwood Rd, Norfolk, MA 02056",https://www.mbta.com/stops/place-FB-0230,,1,,1,Norfolk,,,
place-FB-0275,,Franklin,,,,42.083238,-71.396102,CR-zone-6,"75 Depot St, Franklin, MA 02038",https://www.mbta.com/stops/place-FB-0275,,1,,2,Franklin,,,
place-FB-0303,,Forge Park/495,,,,42.089941,-71.43902,CR-zone-6,"1000 W Central St, Franklin, MA 02038",https://www.mbta.com/stops/place-FB-0303,,1,,1,Franklin,,,
place-FR-0064,,Belmont,,,,42.395896,-71.17619,CR-zone-1,"Common St and Concord Ave, Belmont, MA 02478",https://www.mbta.com/stops/place-FR-0064,,1,,2,Belmont,,,
place-FR-0074,,Waverley,,,,42.3876,-71.190744,CR-zone-1,"525 Trapelo Rd, Belmont, MA 02478",https://www.mbta.com/stops/place-FR-0074,,1,,2,Belmont,,,
place-FR-0098,,Waltham,,,,42.374296,-71.235615,CR-zone-2,"75 Carter St, Waltham, MA 02453",https://www.mbta.com/stops/place-FR-0098,,1,,1,Waltham,,,
place-FR-0115,,Brandeis/Roberts,,,,42.361898,-71.260065,CR-zone-2,"1 Sawyer Rd, Waltham, MA 02453",https://www.mbta.com/stops/place-FR-0115,,1,,1,Waltham,,,
place-FR-0132,,Kendal Green,,,,42.37897,-71.282411,CR-zone-3,"198 Church St, Weston, MA",https://www.mbta.com/stops/place-FR-0132,,1,,2,Weston,,,
place-FR-0137,,Hastings,,,,42.385755,-71.289203,CR-zone-3,"105 Viles St, Weston, MA 02493",https://www.mbta.com/stops/place-FR-0137,,1,,2,Weston,,,
place-FR-0147,,Silver Hill,,,,42.395625,-71.302357,CR-zone-3,"Silver Hill Rd and Merriam St, Weston, MA 02493",https://www.mbta.com/stops/place-FR-0147,,1,,2,Weston,,,
place-FR-0167,,Lincoln,,,,42.413641,-71.325512,CR-zone-4,"160 Lincoln Rd, Lincoln, MA 01773",https://www.mbta.com/stops/place-FR-0167,,1,,2,Lincoln,,,
place-FR-0201,,Concord,,,,42.456565,-71.357677,CR-zone-5,"90 Thoreau St, Concord, MA 01742",https://www.mbta.com/stops/place-FR-0201,,1,,2,Concord,,,
place-FR-0219,,West Concord,,,,42.457043,-71.392892,CR-zone-5,"Commonwealth Ave and Main St, West Concord, MA 01742",https://www.mbta.com/stops/place-FR-0219,,1,,1,Concord,,,
place-FR-0253,,South Acton,,,,42.460375,-71.457744,CR-zone-6,"4 Central St, Acton, MA 01720",https://www.mbta.com/stops/place-FR-0253,,1,,1,Acton,,,
place-FR-0301,,Littleton/Route 495,,,,42.519236,-71.502643,CR-zone-7,"Grimes Ln and Foster St, Littleton, MA 01460",https://www.mbta.com/stops/place-FR-0301,,1,,1,Littleton,,,
place-FR-0361,,Ayer,,,,42.559074,-71.588476,CR-zone-8,"70 Main St, Ayer, MA 01432",https://www.mbta.com/stops/place-FR-0361,,1,,2,Ayer,,,
place-FR-0394,,Shirley,,,,42.545089,-71.648004,CR-zone-8,"Ayer Rd and Phoenix St, Shirley, MA 01464",https://www.mbta.com/stops/place-FR-0394,,1,,2,Shirley,,,
place-FR-0451,,North Leominster,,,,42.539017,-71.739186,CR-zone-8,"44 Nashua St, Leominster, MA 01453",https://www.mbta.com/stops/place-FR-0451,,1,,1,Leominster,,,
place-FR-0494,,Fitchburg,,,,42.58072,-71.792611,CR-zone-8,"150 Main St, Fitchburg, MA 01420",https://www.mbta.com/stops/place-FR-0494,,1,,1,Fitchburg,,,
place-FR-3338,,Wachusett,,,,42.553477,-71.848488,CR-zone-8,"55 Authority Dr, Fitchburg, MA 01420",https://www.mbta.com/stops/place-FR-3338,,1,,1,Fitchburg,,,
place-GB-0198,,Montserrat,,,,42.562171,-70.869254,CR-zone-4,"180 Essex St, Beverly, MA 01915",https://www.mbta.com/stops/place-GB-0198,,1,,1,Beverly,,,
place-GB-0222,,Prides Crossing,,,,42.559446,-70.825541,CR-zone-5,"600 Hale St, Beverly, MA 01915",https://www.mbta.com/stops/place-GB-0222,,1,,2,Beverly,,,
place-GB-0229,,Beverly Farms,,,,42.561651,-70.811405,CR-zone-5,"1 Oak St, Beverly, MA 01915",https://www.mbta.com/stops/place-GB-0229,,1,,1,Beverly,,,
place-GB-0254,,Manchester,,,,42.573687,-70.77009,CR-zone-6,"40 Beach St, Manchester, MA 01944",https://www.mbta.com/stops/place-GB-0254,,1,,1,Manchester-by-the-Sea,,,
place-GB-0296,,West Gloucester,,,,42.611933,-70.705417,CR-zone-7,"290 Essex Ave, Gloucester, MA 01930",https://www.mbta.com/stops/place-GB-0296,,1,,1,Gloucester,,,
place-GB-0316,,Gloucester,,,,42.616799,-70.668345,CR-zone-7,"75 Railroad Ave, Gloucester, MA 01930",https://www.mbta.com/stops/place-GB-0316,,1,,1,Gloucester,,,
place-GB-0353,,Rockport,,,,42.655491,-70.627055,CR-zone-8,"17 Railroad Ave, Rockport, MA 01966",https://www.mbta.com/stops/place-GB-0353,,1,,1,Rockport,,,
place-GRB-0118,,Weymouth Landing/East Braintree,,,,42.221503,-70.968152,CR-zone-2,"121 Commercial St, Weymouth, MA 02184",https://www.mbta.com/stops/place-GRB-0118,,1,,1,Weymouth,,,
place-GRB-0146,,East Weymouth,,,,42.2191,-70.9214,CR-zone-2,"1590 Commercial St, East Weymouth, MA 02189",https://www.mbta.com/stops/place-GRB-0146,,1,,1,Weymouth,,,
place-GRB-0162,,West Hingham,,,,42.235838,-70.902708,CR-zone-3,"20 Fort Hill Rd, Hingham, MA 02043",https://www.mbta.com/stops/place-GRB-0162,,1,,1,Hingham,,,
place-GRB-0183,,Nantasket Junction,,,,42.244959,-70.869205,CR-zone-4,"190 Summer St, Hingham, MA 02043",https://www.mbta.com/stops/place-GRB-0183,,1,,1,Hingham,,,
place-GRB-0199,,Cohasset,,,,42.24421,-70.837529,CR-zone-4,"110 Chief Justice Cushing Hwy, Cohasset, MA 02025",https://www.mbta.com/stops/place-GRB-0199,,1,,1,Cohasset,,,
place-GRB-0233,,North Scituate,,,,42.219528,-70.788602,CR-zone-5,"777 Country Way, Scituate, MA 02066",https://www.mbta.com/stops/place-GRB-0233,,1,,1,Scituate,,,
place-GRB-0276,,Greenbush,,,,42.178776,-70.746641,CR-zone-6,"247 Old Driftway, Scituate, MA 02066",https://www.mbta.com/stops/place-GRB-0276,,1,,1,Scituate,,,
place-KB-0351,,Kingston,,,,41.97762,-70.721709,CR-zone-8,"134 Marion Dr, Kingston, MA 02364",https://www.mbta.com/stops/place-KB-0351,,1,,1,Kingston,,,
place-MM-0150,,Holbrook/Randolph,,,,42.156343,-71.027371,CR-zone-3,"Union St and Center St, Randolph, MA 02368",https://www.mbta.com/stops/place-MM-0150,,1,,1,Randolph,,,
place-MM-0186,,Montello,,,,42.106555,-71.022001,CR-zone-4,"150 Spark St, Brockton, MA 02302",https://www.mbta.com/stops/place-MM-0186,,1,,1,Brockton,,,
place-MM-0200,,Brockton,,,,42.084659,-71.016534,CR-zone-4,"7 Commercial St, Brockton, MA 02302",https://www.mbta.com/stops/place-MM-0200,,1,,1,Brockton,,,
place-MM-0219,,Campello,,,,42.060951,-71.011004,CR-zone-5,"30 Riverside Ave, Brockton, MA 02301",https://www.mbta.com/stops/place-MM-0219,,1,,1,Brockton,,,
place-MM-0277,,Bridgewater,,,,41.984916,-70.96537,CR-zone-6,"85 Burrill Ave, Bridgewater, MA 02324",https://www.mbta.com/stops/place-MM-0277,,1,,1,Bridgewater,,,
place-MM-0356,,Middleborough/Lakeville,,,,41.87821,-70.918444,CR-zone-8,"125 Commercial Dr, Lakeville, MA 02347",https://www.mbta.com/stops/place-MM-0356,,1,,1,Lakeville,,,
place-NB-0064,,Roslindale Village,,,,42.287442,-71.130283,CR-zone-1,"1 Belgrade Ave, Roslindale, MA 02131",https://www.mbta.com/stops/place-NB-0064,,1,,1,Boston,,,
place-NB-0072,,Bellevue,,,,42.286588,-71.145557,CR-zone-1,"35 Colbert St, West Roxbury, MA 02132",https://www.mbta.com/stops/place-NB-0072,,1,,1,Boston,,,
place-NB-0076,,Highland,,,,42.284969,-71.153937,CR-zone-1,"Corey St and Hastings St, West Roxbury, MA 02132",https://www.mbta.com/stops/place-NB-0076,,1,,1,Boston,,,
place-NB-0080,,West Roxbury,,,,42.281358,-71.160065,CR-zone-1,"450 Lagrange St, West Roxbury, MA 02132",https://www.mbta.com/stops/place-NB-0080,,1,,1,Boston,,,
place-NB-0109,,Hersey,,,,42.275648,-71.215528,CR-zone-2,"Great Plain Ave and Broad Meadow Rd, Needham, MA 02492",https://www.mbta.com/stops/place-NB-0109,,1,,1,Needham,,,
place-NB-0120,,Needham Junction,,,,42.273187,-71.235559,CR-zone-2,"51 Junction St, Needham, MA 02492",https://www.mbta.com/stops/place-NB-0120,,1,,1,Needham,,,
place-NB-0127,,Needham Center,,,,42.280775,-71.237686,CR-zone-2,"Great Plain Ave and Eaton Sq, Needham, MA 02492",https://www.mbta.com/stops/place-NB-0127,,1,,1,Needham,,,
place-NB-0137,,Needham Heights,,,,42.293444,-71.236027,CR-zone-2,"95 Avery Sq, Needham, MA 02494",https://www.mbta.com/stops/place-NB-0137,,1,,1,Needham,,,
place-NEC-1659,,Wickford Junction,,,,41.581289,-71.491147,CR-zone-10,"1011 Ten Rod Rd, North Kingstown, RI",https://www.mbta.com/stops/place-NEC-1659,,1,,1,North Kingstown,,,
place-NEC-1768,,TF Green Airport,,,,41.726599,-71.442453,CR-zone-9,"700 Jefferson Blvd, Warwick, RI 02886",https://www.mbta.com/stops/place-NEC-1768,,1,,1,Warwick,,,
place-NEC-1851,,Providence,,,,41.829293,-71.413301,CR-zone-8,"100 Gaspee St, Providence, RI 02903",https://www.mbta.com/stops/place-NEC-1851,,1,,1,Providence,,,
place-NEC-1919,,South Attleboro,,,,41.897943,-71.354621,CR-zone-7,"1315 Newport Ave, Attleboro, MA 02703",https://www.mbta.com/stops/place-NEC-1919,,1,,1,Attleboro,,,
place-NEC-1969,,Attleboro,,,,41.940739,-71.285094,CR-zone-7,"133 South Main St, Attleboro, MA 02703",https://www.mbta.com/stops/place-NEC-1969,,1,,1,Attleboro,,,
place-NEC-2040,,Mansfield,,,,42.032787,-71.219917,CR-zone-6,"1 Crocker St, Mansfield, MA 02048",https://www.mbta.com/stops/place-NEC-2040,,1,,1,Mansfield,,,
place-NEC-2108,,Sharon,,,,42.124553,-71.184468,CR-zone-4,"1 Upland Rd, Sharon, MA 02067",https://www.mbta.com/stops/place-NEC-2108,,1,,1,Sharon,,,
place-NEC-2139,,Canton Junction,,,,42.163204,-71.15376,CR-zone-3,"Beaumont St and Sherman St, Canton, MA 02021",https://www.mbta.com/stops/place-NEC-2139,,1,,1,Canton,,,
place-NEC-2173,,Route 128,,,,42.210308,-71.147134,CR-zone-2,"50 University Ave, Westwood, MA 02090",https://www.mbta.com/stops/place-NEC-2173,,1,,1,Westwood,,,
place-NEC-2203,,Hyde Park,,,,42.25503,-71.125526,CR-zone-1,"1 Pingree St, Hyde Park, MA 02136",https://www.mbta.com/stops/place-NEC-2203,,1,,1,Boston,,,
place-NHRML-0055,,West Medford,,,,42.421776,-71.133342,CR-zone-1A,"481 High St, Medford, MA 02155",https://www.mbta.com/stops/place-NHRML-0055,,1,,2,Medford,,,
place-NHRML-0073,,Wedgemere,,,,42.444948,-71.140169,CR-zone-1,"25 Mystic Valley Pkwy, Winchester, MA 01890",https://www.mbta.com/stops/place-NHRML-0073,,1,,1,Winchester,,,
place-NHRML-0078,,Winchester Center,,,,42.451088,-71.13783,CR-zone-1,"29 Waterfield Rd, Winchester, MA 01890",https://www.mbta.com/stops/place-NHRML-0078,,1,,2,Winchester,,,
place-NHRML-0116,,Mishawum,,,,42.504402,-71.137618,CR-zone-2,"250 Mishawum Rd, Woburn, MA 01801",https://www.mbta.com/stops/place-NHRML-0116,,1,,2,Woburn,,,
place-NHRML-0127,,Anderson/Woburn,,,,42.516987,-71.144475,CR-zone-2,"100 Atlantic Ave, Woburn, MA 01801",https://www.mbta.com/stops/place-NHRML-0127,,1,,1,Woburn,,,
place-NHRML-0152,,Wilmington,,,,42.546624,-71.174334,CR-zone-3,"405 Main St, Wilmington, MA 01887",https://www.mbta.com/stops/place-NHRML-0152,,1,,1,Wilmington,,,
place-NHRML-0218,,North Billerica,,,,42.593248,-71.280995,CR-zone-5,"Ruggles St and Station St, North Billerica, MA 01862",https://www.mbta.com/stops/place-NHRML-0218,,1,,1,Billerica,,,
place-NHRML-0254,,Lowell,,,,42.63535,-71.314543,CR-zone-6,"101 Thorndike St, Lowell, MA 01852",https://www.mbta.com/stops/place-NHRML-0254,,1,,1,Lowell,,,
place-PB-0158,,South Weymouth,,,,42.155025,-70.953302,CR-zone-3,"89 Trotter Rd, Weymouth, MA 02190",https://www.mbta.com/stops/place-PB-0158,,1,,1,Weymouth,,,
place-PB-0194,,Abington,,,,42.107156,-70.934405,CR-zone-4,"231 Centre Ave, Abington, MA 02351",https://www.mbta.com/stops/place-PB-0194,,1,,1,Abington,,,
place-PB-0212,,Whitman,,,,42.082749,-70.923411,CR-zone-5,"383 South Ave, Whitman, MA 02382",https://www.mbta.com/stops/place-PB-0212,,1,,1,Whitman,,,
place-PB-0245,,Hanson,,,,42.043967,-70.882438,CR-zone-6,"1070 Main St, Hanson, MA 02341",https://www.mbta.com/stops/place-PB-0245,,1,,1,Hanson,,,
place-PB-0281,,Halifax,,,,42.014739,-70.824263,CR-zone-7,"6 Garden Rd, Halifax, MA 02338",https://www.mbta.com/stops/place-PB-0281,,1,,1,Halifax,,,
place-PB-0356,,Plymouth,,,,41.981278,-70.690421,CR-zone-8,"385 Court St, Plymouth, MA 02360",https://www.mbta.com/stops/place-PB-0356,,1,,1,Plymouth,,,
place-SB-0156,,Canton Center,,,,42.157095,-71.14628,CR-zone-3,"710 Washington St, Canton, MA 02021",https://www.mbta.com/stops/place-SB-0156,,1,,1,Canton,,,
place-SB-0189,,Stoughton,,,,42.124084,-71.103627,CR-zone-4,"45 Wyman St, Stoughton, MA 02072",https://www.mbta.com/stops/place-SB-0189,,1,,1,Stoughton,,,
place-WML-0025,,Lansdowne,,,,42.347581,-71.099974,CR-zone-1A,"25 David Ortiz Dr, Boston, MA 02215",https://www.mbta.com/stops/place-WML-0025,,1,,1,Boston,,,
place-WML-0035,,Boston Landing,,,,42.357293,-71.139883,CR-zone-1A,"100 Arthur St, Boston, MA 02134",https://www.mbta.com/stops/place-WML-0035,,1,,1,Boston,,,
place-WML-0081,,Newtonville,,,,42.351702,-71.205408,CR-zone-1,"770 Washington St, Newton, MA 02460",https://www.mbta.com/stops/place-WML-0081,,1,,2,Newton,,,
place-WML-0091,,West Newton,,,,42.347878,-71.230528,CR-zone-2,"1395 Washington St, Newton, MA 02465",https://www.mbta.com/stops/place-WML-0091,,1,,2,Newton,,,
place-WML-0102,,Auburndale,,,,42.345833,-71.250373,CR-zone-2,"Auburn St and Woodland Rd, Newton, MA 02466",https://www.mbta.com/stops/place-WML-0102,,1,,2,Newton,,,
place-WML-0125,,Wellesley Farms,,,,42.323608,-71.272288,CR-zone-3,"90 Croton St, Wellesley, MA 02481",https://www.mbta.com/stops/place-WML-0125,,1,,2,Wellesley,,,
place-WML-0135,,Wellesley Hills,,,,42.31037,-71.277044,CR-zone-3,"341 Washington St, Wellesley, MA 02481",https://www.mbta.com/stops/place-WML-0135,,1,,2,Wellesley,,,
place-WML-0147,,Wellesley Square,,,,42.297526,-71.294173,CR-zone-3,"1 Grove St, Wellesley, MA 02482",https://www.mbta.com/stops/place-WML-0147,,1,,2,Wellesley,,,
place-WML-0177,,Natick Center,,,,42.285719,-71.347133,CR-zone-4,"1 Walnut St, Natick, MA 01760",https://www.mbta.com/stops/place-WML-0177,,1,,2,Natick,,,
place-WML-0199,,West Natick,,,,42.283064,-71.391797,CR-zone-4,"249 West Central St, Natick, MA 01760",https://www.mbta.com/stops/place-WML-0199,,1,,1,Natick,,,
place-WML-0214,,Framingham,,,,42.276108,-71.420055,CR-zone-5,"417 Waverly St, Framingham, MA 01702",https://www.mbta.com/stops/place-WML-0214,,1,,1,Framingham,,,
place-WML-0252,,Ashland,,,,42.26149,-71.482161,CR-zone-6,"Pleasant St and Cordaville Rd, Ashland, MA 01721",https://www.mbta.com/stops/place-WML-0252,,1,,1,Ashland,,,
place-WML-0274,,Southborough,,,,42.267024,-71.524371,CR-zone-6,"87 Southville Rd, Southborough, MA 01772",https://www.mbta.com/stops/place-WML-0274,,1,,1,Southborough,,,
place-WML-0340,,Westborough,,,,42.269644,-71.647076,CR-zone-7,"Smith Pkwy and Fisher St, Westborough, MA 01581",https://www.mbta.com/stops/place-WML-0340,,1,,1,Westborough,,,
place-WML-0364,,Grafton,,,,42.2466,-71.685325,CR-zone-8,"1 Pine St, North Grafton, MA 01536-1856",https://www.mbta.com/stops/place-WML-0364,,1,,1,Grafton,,,
place-WML-0442,,Worcester,,,,42.261835,-71.791806,CR-zone-8,"2 Washington Sq, Worcester, MA 01608",https://www.mbta.com/stops/place-WML-0442,,1,,1,Worcester,,,
place-WR-0062,,Wyoming Hill,,,,42.451731,-71.069379,CR-zone-1,"40 West Wyoming Ave, Melrose, MA 02176",https://www.mbta.com/stops/place-WR-0062,,1,,2,Melrose,,,
place-WR-0067,,Melrose/Cedar Park,,,,42.458768,-71.069789,CR-zone-1,"Cedar Park and West Emerson St, Melrose, MA 02176",https://www.mbta.com/stops/place-WR-0067,,1,,2,Melrose,,,
place-WR-0075,,Melrose Highlands,,,,42.469464,-71.068297,CR-zone-1,"497 Franklin St, Melrose, MA 02176",https://www.mbta.com/stops/place-WR-0075,,1,,1,Melrose,,,
place-WR-0085,,Greenwood,,,,42.483005,-71.067247,CR-zone-2,"907 Main St, Wakefield, MA 01880",https://www.mbta.com/stops/place-WR-0085,,1,,2,Wakefield,,,
place-WR-0099,,Wakefield,,,,42.502126,-71.075566,CR-zone-2,"225 North Ave, Wakefield, MA 01880",https://www.mbta.com/stops/place-WR-0099,,1,,2,Wakefield,,,
place-WR-0120,,Reading,,,,42.52221,-71.108294,CR-zone-2,"35 Lincoln St, Reading, MA 01867",https://www.mbta.com/stops/place-WR-0120,,1,,1,Reading,,,
place-WR-0163,,North Wilmington,,,,42.569661,-71.159696,CR-zone-3,"370 Middlesex Ave, Wilmington, MA 01887",https://www.mbta.com/stops/place-WR-0163,,1,,2,Wilmington,,,
place-WR-0205,,Ballardvale,,,,42.627356,-71.159962,CR-zone-4,"195 Andover St, Andover, MA 01810",https://www.mbta.com/stops/place-WR-0205,,1,,1,Andover,,,
place-WR-0228,,Andover,,,,42.658336,-71.144502,CR-zone-5,"17 Railroad St, Andover, MA 01810",https://www.mbta.com/stops/place-WR-0228,,1,,1,Andover,,,
place-WR-0264,,Lawrence,,,,42.701806,-71.15198,CR-zone-6,"S Union St and Merrimack St, Lawrence, MA 01843",https://www.mbta.com/stops/place-WR-0264,,1,,1,Lawrence,,,
place-WR-0325,,Bradford,,,,42.766912,-71.088411,CR-zone-7,"10 Railroad Ave, Bradford, MA 01835",https://www.mbta.com/stops/place-WR-0325,,1,,1,Haverhill,,,
place-WR-0329,,Haverhill,,,,42.773474,-71.086237,CR-zone-7,"1 Washington Ave, Haverhill, MA 01832",https://www.mbta.com/stops/place-WR-0329,,1,,1,Haverhill,,,
place-alfcl,,Alewife,,,,42.39583,-71.141287,,"Alewife Brook Pkwy and Cambridge Park Dr, Cambridge, MA 02140",https://www.mbta.com/stops/place-alfcl,,1,,1,Cambridge,,,
place-alsgr,,Allston Street,,,,42.348701,-71.137955,,"Allston St and Commonwealth Ave, Boston, MA 02134",https://www.mbta.com/stops/place-alsgr,,1,,2,Boston,,,
place-amory,,Amory Street,,,,42.350992,-71.114748,,"Commonwealth Ave and Amory St, Boston, MA 02215",https://www.mbta.com/stops/place-amory,,1,,1,Boston,,,
place-andrw,,Andrew,,,,42.330154,-71.057655,,"Dorchester Ave and Southhampton St, South Boston, MA 02127",https://www.mbta.com/stops/place-andrw,,1,,1,Boston,,,
place-aport,,Airport,,,,42.374262,-71.030395,,"Transportation Way and Service Rd, Boston, MA 02128",https://www.mbta.com/stops/place-aport,,1,,1,Boston,,,
place-aqucl,,Aquarium,,,,42.359784,-71.051652,,"Atlantic Ave and State St, Boston, MA 02120",https://www.mbta.com/stops/place-aqucl,,1,,1,Boston,,,
place-armnl,,Arlington,,,,42.351902,-71.070893,,"Arlington St and Boylston St, Boston, MA 02116",https://www.mbta.com/stops/place-armnl,,1,,1,Boston,,,
place-asmnl,,Ashmont,,,,42.28452,-71.063777,,"Dorchester Ave and Ashmont St, Boston, MA 02124",https://www.mbta.com/stops/place-asmnl,,1,,1,Boston,,,
place-astao,,Assembly,,,,42.392811,-71.077257,,"499 Foley St, Somerville, MA 02145",https://www.mbta.com/stops/place-astao,,1,,1,Somerville,,,
place-babck,,Babcock Street,,,,42.351616,-71.119924,,"Commonwealth Ave and Babcock St, Boston, MA 02215",https://www.mbta.com/stops/place-babck,,1,,1,Boston,,,
place-balsq,,Ball Square,,,,42.399889,-71.111003,,"646 Boston Ave, Somerville, MA 02144",https://www.mbta.com/stops/place-balsq,,1,,1,Medford,,,
place-bbsta,,Back Bay,,,,42.34735,-71.075727,CR-zone-1A,"145 Dartmouth St Boston, MA 02116",https://www.mbta.com/stops/place-bbsta,,1,,1,Boston,,,
place-bckhl,,Back of the Hill,,,,42.330139,-71.111313,,"100 South Huntington Ave, Boston, MA 02130",https://www.mbta.com/stops/place-bckhl,,1,,2,Boston,,,
place-bcnfd,,Beaconsfield,,,,42.335765,-71.140455,,"124 Beaconsfield Rd, Brookline, MA 02445",https://www.mbta.com/stops/place-bcnfd,,1,,2,Brookline,,,
place-bcnwa,,Washington Square,,,,42.339394,-71.13533,,"Beacon St and Washington St, Brookline, MA",https://www.mbta.com/stops/place-bcnwa,,1,,1,Brookline,,,
place-bland,,Blandford Street,,,,42.349293,-71.100258,,"Commonwealth Ave and Blandford Mall, Boston, MA 02215",https://www.mbta.com/stops/place-bland,,1,,2,Boston,,,
place-bmmnl,,Beachmont,,,,42.397542,-70.992319,,"630 Winthrop Ave, Revere, MA 02151",https://www.mbta.com/stops/place-bmmnl,,1,,1,Revere,,,
place-bndhl,,Brandon Hall,,,,42.340023,-71.129082,,"1481 Beacon St, Brookline, MA",https://www.mbta.com/stops/place-bndhl,,1,,2,Brookline,,,
place-bomnl,,Bowdoin,,,,42.361365,-71.062037,,"Cambridge St and New Chardon St, Boston, MA 02114",https://www.mbta.com/stops/place-bomnl,,1,,2,Boston,,,
place-boyls,,Boylston,,,,42.35302,-71.06459,,"Boylston St and Tremont St, Boston, MA",https://www.mbta.com/stops/place-boyls,,1,,2,Boston,,,
place-brdwy,,Broadway,,,,42.342622,-71.056967,,"Dorchester Ave and Broadway, Boston, MA",https://www.mbta.com/stops/place-brdwy,,1,,1,Boston,,,
place-brico,,Packard's Corner,,,,42.351967,-71.125031,,"Commonwealth Ave and Brighton Ave, Boston, MA 02215",https://www.mbta.com/stops/place-brico,,1,,2,Boston,,,
place-brkhl,,Brookline Hills,,,,42.331316,-71.126683,,"Tappan St and Cypress St, Brookline, MA 02445",https://www.mbta.com/stops/place-brkhl,,1,,1,Brookline,,,
place-brmnl,,Brigham Circle,,,,42.334229,-71.104609,,"Huntington Ave and Francis St, Boston, MA",https://www.mbta.com/stops/place-brmnl,,1,,1,Boston,,,
place-brntn,,Braintree,,,,42.207854,-71.001138,CR-zone-2,"197 Ivory St, Braintree, MA 02184",https://www.mbta.com/stops/place-brntn,,1,,1,Braintree,,,
place-bucen,,Boston University Central,,,,42.350082,-71.106865,,"Commonwealth Ave and Marsh Chapel, Boston, MA 02215",https://www.mbta.com/stops/place-bucen,,1,,1,Boston,,,
place-buest,,Boston University East,,,,42.349735,-71.103889,,"Commonwealth Ave and Granby St, Boston, MA 02215",https://www.mbta.com/stops/place-buest,,1,,1,Boston,,,
place-butlr,,Butler,,,,42.272429,-71.062519,,"Butler St and Branchfield St, Dorchester, MA 02124",https://www.mbta.com/stops/place-butlr,,1,,1,Boston,,,
place-bvmnl,,Brookline Village,,,,42.332608,-71.116857,,"31 Station St, Brookline, MA 02445",https://www.mbta.com/stops/place-bvmnl,,1,,1,Brookline,,,
place-capst,,Capen Street,,,,42.267563,-71.087338,,"50 Capen St, Milton, MA 02186",https://www.mbta.com/stops/place-capst,,1,,1,Milton,,,
place-ccmnl,,Community College,,,,42.373622,-71.069533,,"Austin St and Rutherford Ave, Charlestown, MA",https://www.mbta.com/stops/place-ccmnl,,1,,1,Boston,,,
place-cedgr,,Cedar Grove,,,,42.279629,-71.060394,,"Fellsway St and Milton St, Dorchester, MA 02124",https://www.mbta.com/stops/place-cedgr,,1,,1,Boston,,,
place-cenav,,Central Avenue,,,,42.270027,-71.073444,,"23 Central Ave, Milton, MA 02186",https://www.mbta.com/stops/place-cenav,,1,,1,Milton,,,
place-chels,,Chelsea,,,,42.397024,-71.041314,CR-zone-1A,"174 Everett Ave, Chelsea, MA 02150",https://www.mbta.com/stops/place-chels,,1,,1,Chelsea,,,
place-chhil,,Chestnut Hill,,,,42.326753,-71.164699,,"Hammond St and Chestnut Hill Rd, Newton, MA 02467",https://www.mbta.com/stops/place-chhil,,1,,2,Newton,,,
place-chill,,Chestnut Hill Avenue,,,,42.338169,-71.15316,,"Commonwealth Ave and Chestnut Hill Ave, Boston, MA",https://www.mbta.com/stops/place-chill,,1,,2,Boston,,,
place-chmnl,,Charles/MGH,,,,42.361166,-71.070628,,"Cambridge St and Charles St, Boston, MA",https://www.mbta.com/stops/place-chmnl,,1,,1,Boston,,,
place-chncl,,Chinatown,,,,42.352547,-71.062752,,"Washington St and Boylston St, Boston, MA",https://www.mbta.com/stops/place-chncl,,1,,1,Boston,,,
place-chswk,,Chiswick Road,,,,42.340805,-71.150711,,"Commonwealth Ave and Chiswick Rd, Boston, MA",https://www.mbta.com/stops/place-chswk,,1,,2,Boston,,,
place-clmnl,,Cleveland Circle,,,,42.336142,-71.149326,,"Beacon St and Chestnut Hill Ave, Brighton, MA",https://www.mbta.com/stops/place-clmnl,,1,,1,Boston,,,
place-cntsq,,Central,,,,42.365486,-71.103802,,"Massachusetts Ave and Prospect St, Cambridge, MA 02139",https://www.mbta.com/stops/place-cntsq,,1,,1,Cambridge,,,
place-coecl,,Copley,,,,42.349974,-71.077447,,"Boylston St and Dartmouth St, Boston, MA",https://www.mbta.com/stops/place-coecl,,1,,1,Boston,,,
place-cool,,Coolidge Corner,,,,42.342116,-71.121263,,"Beacon St and Harvard St, Brookline, MA",https://www.mbta.com/stops/place-cool,,1,,1,Brookline,,,
place-davis,,Davis,,,,42.39674,-71.121815,,"College Ave and Elm St, Somerville, MA",https://www.mbta.com/stops/place-davis,,1,,1,Somerville,,,
place-denrd,,Dean Road,,,,42.337807,-71.141853,,"Beacon St and Dean Rd, Brookline, MA",https://www.mbta.com/stops/place-denrd,,1,,2,Brookline,,,
place-dwnxg,,Downtown Crossing,,,,42.355518,-71.060225,,"Washington St and Summer St, Boston, MA",https://www.mbta.com/stops/place-dwnxg,,1,,1,Boston,,,
place-eliot,,Eliot,,,,42.319045,-71.216684,,"248 Lincoln St, Newton, MA 02461",https://www.mbta.com/stops/place-eliot,,1,,2,Newton,,,
place-engav,,Englewood Avenue,,,,42.336971,-71.14566,,"Beacon St and Englewood Ave, Brookline, MA",https://www.mbta.com/stops/place-engav,,1,,2,Brookline,,,
place-esomr,,East Somerville,,,,42.379467,-71.086625,,"134 Washington St, Somerville, MA 02143",https://www.mbta.com/stops/place-esomr,,1,,1,Somerville,,,
place-fbkst,,Fairbanks Street,,,,42.339725,-71.131073,,"Beacon St and Fairbanks Ave, Brookline, MA",https://www.mbta.com/stops/place-fbkst,,1,,2,Brookline,,,
place-fenwd,,Fenwood Road,,,,42.333706,-71.105728,,"Huntington Ave and Fenwood Rd, Boston, MA",https://www.mbta.com/stops/place-fenwd,,1,,2,Boston,,,
place-fenwy,,Fenway,,,,42.345403,-71.104213,,"411 Park Dr, Boston, MA 02215",https://www.mbta.com/stops/place-fenwy,,1,,1,Boston,,,
place-fldcr,,Fields Corner,,,,42.300093,-71.061667,,"50 Freeman St, Dorchester, MA 02122",https://www.mbta.com/stops/place-fldcr,,1,,1,Boston,,,
place-forhl,,Forest Hills,,,,42.300713,-71.113943,CR-zone-1A,"Washington St and Hyde Park Ave, Jamaica Plain, MA 02130",https://www.mbta.com/stops/place-forhl,,1,,1,Boston,,,
place-gilmn,,Gilman Square,,,,42.387928,-71.096766,,"161 School St, Somerville, MA 02143",https://www.mbta.com/stops/place-gilmn,,1,,1,Somerville,,,
place-gover,,Government Center,,,,42.359705,-71.059215,,"Cambridge St and Court St, Boston, MA",https://www.mbta.com/stops/place-gover,,1,,1,Boston,,,
place-grigg,,Griggs Street,,,,42.348545,-71.134949,,"Commonwealth Ave and Griggs St, Boston, MA",https://www.mbta.com/stops/place-grigg,,1,,2,Boston,,,
place-grnst,,Green Street,,,,42.310525,-71.107414,,"150 Green St, Jamaica Plain, MA",https://www.mbta.com/stops/place-grnst,,1,,1,Boston,,,
place-haecl,,Haymarket,,,,42.363021,-71.05829,,"136 Blackstone St, Boston, MA 02109",https://www.mbta.com/stops/place-haecl,,1,,1,Boston,,,
place-harsq,,Harvard,,,,42.373362,-71.118956,,"1400 Massachusetts Ave, Cambridge, MA",https://www.mbta.com/stops/place-harsq,,1,,1,Cambridge,,,
place-harvd,,Harvard Avenue,,,,42.350243,-71.131355,,"Commonwealth Ave and Harvard Ave, Boston, MA",https://www.mbta.com/stops/place-harvd,,1,,1,Boston,,,
place-hsmnl,,Heath Street,,,,42.328316,-71.110252,,"Heath St and South Huntington Ave, Boston, MA",https://www.mbta.com/stops/place-hsmnl,,1,,1,Boston,,,
place-hwsst,,Hawes Street,,,,42.344906,-71.111145,,"Beacon St and Hawes St, Brookline, MA",https://www.mbta.com/stops/place-hwsst,,1,,2,Brookline,,,
place-hymnl,,Hynes Convention Center,,,,42.347888,-71.087903,,"100 Massachusetts Ave, Boston, MA",https://www.mbta.com/stops/place-hymnl,,1,,2,Boston,,,
place-jaksn,,Jackson Square,,,,42.323132,-71.099592,,"1500 Columbus Ave, Jamaica Plain, MA",https://www.mbta.com/stops/place-jaksn,,1,,1,Boston,,,
place-jfk,,JFK/UMass,,,,42.320685,-71.052391,CR-zone-1A,"599 Old Colony Ave, Boston, MA 02127-3805",https://www.mbta.com/stops/place-jfk,,1,,1,Boston,,,
place-kencl,,Kenmore,,,,42.348949,-71.095169,,"Commonwealth Ave and Kenmore St, Boston, MA 02215",https://www.mbta.com/stops/place-kencl,,1,,1,Boston,,,
place-knncl,,Kendall/MIT,,,,42.362491,-71.086176,,"300 Main St, Cambridge, MA 02142",https://www.mbta.com/stops/place-knncl,,1,,1,Cambridge,,,
place-kntst,,Kent Street,,,,42.344074,-71.114197,,"Beacon St and Powell St, Brookline, MA",https://www.mbta.com/stops/place-kntst,,1,,2,Brookline,,,
place-lake,,Boston College,,,,42.340081,-71.166769,,"Commonwealth Ave and Lake St, Boston, MA 02135",https://www.mbta.com/stops/place-lake,,1,,1,Boston,,,
place-lech,,Lechmere,,,,42.371572,-71.076584,,"3 North First St, Cambridge, MA 02141",https://www.mbta.com/stops/place-lech,,1,,1,Cambridge,,,
place-lngmd,,Longwood Medical Area,,,,42.33596,-71.100052,,"Huntington Ave and Longwood Ave, Boston, MA 02115",https://www.mbta.com/stops/place-lngmd,,1,,1,Boston,,,
place-longw,,Longwood,,,,42.341702,-71.109956,,"30 Chapel St, Brookline, MA 02446",https://www.mbta.com/stops/place-longw,,1,,1,Brookline,,,
place-masta,,Massachusetts Avenue,,,,42.341512,-71.083423,,"393 Massachusetts Ave, Boston, MA 02118",https://www.mbta.com/stops/place-masta,,1,,1,Boston,,,
place-matt,,Mattapan,,,,42.26762,-71.092486,,"500 River St, Boston, MA 02126",https://www.mbta.com/stops/place-matt,,1,,1,Boston,,,
place-mdftf,,Medford/Tufts,,,,42.407975,-71.117044,,"460 Boston Ave, Medford, MA 02155",https://www.mbta.com/stops/place-mdftf,,1,,1,Medford,,,
place-mfa,,Museum of Fine Arts,,,,42.337711,-71.095512,,"Huntington Ave and Ruggles St, Boston, MA",https://www.mbta.com/stops/place-mfa,,1,,1,Boston,,,
place-mgngl,,Magoun Square,,,,42.393682,-71.106388,,"270 Lowell St, Somerville, MA 02145",https://www.mbta.com/stops/place-mgngl,,1,,1,Somerville,,,
place-miltt,,Milton,,,,42.270349,-71.067266,,"1 Adams St, Milton, MA 02186",https://www.mbta.com/stops/place-miltt,,1,,1,Milton,,,
place-mispk,,Mission Park,,,,42.333195,-71.109756,,"Huntington Ave and Mission Park Dr, Boston, MA 02115",https://www.mbta.com/stops/place-mispk,,1,,2,Boston,,,
place-mlmnl,,Malden Center,,,,42.426632,-71.07411,CR-zone-1A,"Commercial St and Pleasant St, Malden, MA 02148",https://www.mbta.com/stops/place-mlmnl,,1,,1,Malden,,,
place-mvbcl,,Maverick,,,,42.369119,-71.03953,,"Sumner St and Maverick Sq, East Boston, MA",https://www.mbta.com/stops/place-mvbcl,,1,,1,Boston,,,
place-newtn,,Newton Highlands,,,,42.322381,-71.205509,,"60 Station Ave, Newton, MA 02461",https://www.mbta.com/stops/place-newtn,,1,,1,Newton,,,
place-newto,,Newton Centre,,,,42.329443,-71.192414,,"72 Union St, Newton, MA 02459",https://www.mbta.com/stops/place-newto,,1,,1,Newton,,,
place-north,,North Station,,,,42.365577,-71.06129,CR-zone-1A,"135 Causeway St, Boston, MA 02114",https://www.mbta.com/stops/place-north,,1,,1,Boston,,,
place-nqncy,,North Quincy,,,,42.275275,-71.029583,,"Hancock St and Hunt St, Quincy, MA 02171",https://www.mbta.com/stops/place-nqncy,,1,,1,Quincy,,,
place-nuniv,,Northeastern University,,,,42.340401,-71.088806,,"Huntington Ave and Opera Pl, Boston, MA 02115",https://www.mbta.com/stops/place-nuniv,,1,,1,Boston,,,
place-ogmnl,,Oak Grove,,,,42.43668,-71.071097,CR-zone-1A,"Washington St and Winter St, Malden, MA 02148",https://www.mbta.com/stops/place-ogmnl,,1,,1,Malden,,,
place-orhte,,Orient Heights,,,,42.386867,-71.004736,,"1000 Bennington St, East Boston, MA 02128",https://www.mbta.com/stops/place-orhte,,1,,1,Boston,,,
place-pktrm,,Park Street,,,,42.356395,-71.062424,,"Tremont St and Winter St, Boston, MA 02108",https://www.mbta.com/stops/place-pktrm,,1,,1,Boston,,,
place-portr,,Porter,,,,42.3884,-71.119149,CR-zone-1A,"1899 Massachusetts Ave, Cambridge, MA 02140",https://www.mbta.com/stops/place-portr,,1,,1,Cambridge,,,
place-prmnl,,Prudential,,,,42.34557,-71.081696,,"Huntington Ave and Belvidere St, Boston, MA 02199",https://www.mbta.com/stops/place-prmnl,,1,,1,Boston,,,
place-qamnl,,Quincy Adams,,,,42.233391,-71.007153,,"Burgin Pkwy and Centre St, Quincy, MA 02169",https://www.mbta.com/stops/place-qamnl,,1,,1,Quincy,,,
place-qnctr,,Quincy Center,,,,42.251809,-71.005409,CR-zone-1,"175 Thomas E Burgin Pkwy, Quincy, MA 02169",https://www.mbta.com/stops/place-qnctr,,1,,1,Quincy,,,
place-rbmnl,,Revere Beach,,,,42.407843,-70.992533,,"220 Shirley Ave, Revere, MA",https://www.mbta.com/stops/place-rbmnl,,1,,1,Revere,,,
place-rcmnl,,Roxbury Crossing,,,,42.331397,-71.095451,,"1400 Tremont St, Roxbury, MA",https://www.mbta.com/stops/place-rcmnl,,1,,1,Boston,,,
place-river,,Riverside,,,,42.337352,-71.252685,,"367 Grove St, Newton, MA 02466",https://www.mbta.com/stops/place-river,,1,,1,Newton,,,
place-rsmnl,,Reservoir,,,,42.335088,-71.148758,,"401 Chestnut Hill Ave, Brookline, MA 02445",https://www.mbta.com/stops/place-rsmnl,,1,,1,Brookline,,,
place-rugg,,Ruggles,,,,42.336377,-71.088961,CR-zone-1A,"1150 Tremont St, Roxbury, MA 02120",https://www.mbta.com/stops/place-rugg,,1,,1,Boston,,,
place-rvrwy,,Riverway,,,,42.331684,-71.111931,,"South Huntington Ave and Huntington Ave, Boston, MA",https://www.mbta.com/stops/place-rvrwy,,1,,2,Boston,,,
place-sbmnl,,Stony Brook,,,,42.317062,-71.104248,,"100 Boylston St, Jamaica Plain, MA",https://www.mbta.com/stops/place-sbmnl,,1,,1,Boston,,,
place-sdmnl,,Suffolk Downs,,,,42.390501,-70.997123,,"1230 Bennington St, East Boston, MA 02128",https://www.mbta.com/stops/place-sdmnl,,1,,1,Boston,,,
place-shmnl,,Savin Hill,,,,42.31129,-71.053331,,"125 Savin Hill Ave, Dorchester, MA 02124",https://www.mbta.com/stops/place-shmnl,,1,,1,Boston,,,
place-smary,,Saint Mary's Street,,,,42.345974,-71.107353,,"Beacon St and Saint Mary's St, Boston, MA",https://www.mbta.com/stops/place-smary,,1,,1,Brookline,,,
place-smmnl,,Shawmut,,,,42.293126,-71.065738,,"Dayton St and Clementine Park, Dorchester, MA 02124",https://www.mbta.com/stops/place-smmnl,,1,,1,Boston,,,
place-sougr,,South Street,,,,42.3396,-71.157661,,,https://www.mbta.com/stops/place-sougr,,1,,2,Boston,,,
place-spmnl,,Science Park/West End,,,,42.366664,-71.067666,,"Leverett Circle and Nashua St, Boston, MA 02114",https://www.mbta.com/stops/place-spmnl,,1,,1,Boston,,,
place-sstat,,South Station,,,,42.352271,-71.055242,CR-zone-1A,"700 Atlantic Ave, Boston, MA 02110",https://www.mbta.com/stops/place-sstat,,1,,1,Boston,,,
place-state,,State,,,,42.358978,-71.057598,,"200 Washington St, Boston, MA",https://www.mbta.com/stops/place-state,,1,,1,Boston,,,
place-sthld,,Sutherland Road,,,,42.341614,-71.146202,,"Commonwealth Ave and Sutherland Rd, Boston, MA",https://www.mbta.com/stops/place-sthld,,1,,2,Boston,,,
place-stpul,,Saint Paul Street,,,,42.343327,-71.116997,,"Beacon St and Saint Paul St, Brookline, MA 02446",https://www.mbta.com/stops/place-stpul,,1,,2,Brookline,,,
place-sull,,Sullivan Square,,,,42.383975,-71.076994,,"Maffa Way and Cambridge St, Charlestown, MA 02129",https://www.mbta.com/stops/place-sull,,1,,1,Boston,,,
place-sumav,,Summit Avenue,,,,42.34111,-71.12561,,"Beacon St and Summit Ave, Brookline, MA",https://www.mbta.com/stops/place-sumav,,1,,2,Brookline,,,
place-symcl,,Symphony,,,,42.342687,-71.085056,,"Massachusetts Ave and Huntington Ave, Boston, MA",https://www.mbta.com/stops/place-symcl,,1,,2,Boston,,,
place-tapst,,Tappan Street,,,,42.338459,-71.138702,,"Beacon St and Tappan St, Brookline, MA",https://www.mbta.com/stops/place-tapst,,1,,2,Brookline,,,
place-tumnl,,Tufts Medical Center,,,,42.349662,-71.063917,,"750 Washington St, Boston, MA",https://www.mbta.com/stops/place-tumnl,,1,,1,Boston,,,
place-valrd,,Valley Road,,,,42.268347,-71.081343,,"291 Valley Rd, Milton, MA 02186",https://www.mbta.com/stops/place-valrd,,1,,2,Milton,,,
place-waban,,Waban,,,,42.325845,-71.230609,,"Beacon St and Waban Sq, Newton, MA 02468",https://www.mbta.com/stops/place-waban,,1,,2,Newton,,,
place-wascm,,Washington Street,,,,42.343864,-71.142853,,"Commonwealth Ave and Washington St, Boston, MA",https://www.mbta.com/stops/place-wascm,,1,,1,Boston,,,
place-welln,,Wellington,,,,42.40237,-71.077082,,"Revere Beach Pkwy and Rivers Edge Dr, Medford, MA 02155",https://www.mbta.com/stops/place-welln,,1,,1,Medford,,,
place-wimnl,,Wood Island,,,,42.37964,-71.022865,,"450 Bennington St, East Boston, MA",https://www.mbta.com/stops/place-wimnl,,1,,1,Boston,,,
place-wlsta,,Wollaston,,,,42.266514,-71.020337,,"90 Woodbine St, Quincy, MA 02171",https://www.mbta.com/stops/place-wlsta,,1,,1,Quincy,,,
place-wondl,,Wonderland,,,,42.41342,-70.991648,,"1300 North Shore Rd, Revere, MA 02151",https://www.mbta.com/stops/place-wondl,,1,,1,Revere,,,
place-woodl,,Woodland,,,,42.332902,-71.243362,,"1940 Washington St, Newton, MA 02466",https://www.mbta.com/stops/place-woodl,,1,,1,Newton,,,
place-wrnst,,Warren Street,,,,42.348343,-71.140457,,"Commonwealth Ave and Warren St, Boston, MA",https://www.mbta.com/stops/place-wrnst,,1,,2,Boston,,,
